{"generatedAt":1760138891873,"beganAt":1760137201426,"timeTaken":{"boa":243096.510499,"jsc":156712.727634,"jsc_exp":154168.37024000002,"kiesel":98504.838851,"libjs":153800.549271,"nova":78905.83412700001,"porffor":849459.2083630001,"qjs":99192.59049499998,"qjs_ng":125526.29628699999,"sm":378968.614093,"sm_exp":390060.490051,"v8":647534.413574,"v8_exp":720364.1930450001}}