{"generatedAt":1757032304464,"beganAt":1757031421990,"timeTaken":{"boa":130419.271525,"jsc":30943.05299699999,"jsc_exp":36866.491208,"kiesel":83940.138842,"libjs":57132.412616999994,"porffor":566574.5860819999,"qjs":17904.01995000001,"qjs_ng":25133.647748999996,"sm":137273.176447,"sm_exp":111651.808006,"v8":105276.69341,"v8_exp":104728.377469}}