{"generatedAt":1752184344460,"beganAt":1752183524077,"timeTaken":{"boa":36539.974118000006,"jsc":29319.738204000052,"jsc_exp":30690.771917000002,"kiesel":90092.029478,"libjs":21238.260199,"porffor":494880.062241,"qjs":13098.773665,"qjs_ng":16725.83453,"sm":134456.282874,"sm_exp":120135.971844,"v8":112047.65998,"v8_exp":118798.435141}}