{"generatedAt":1759534136674,"beganAt":1759532401788,"timeTaken":{"boa":171021.605577,"jsc":132090.42758799996,"jsc_exp":156005.04006,"kiesel":101245.682623,"libjs":59381.14781899999,"nova":85187.907941,"porffor":676118.603397,"qjs":93599.161058,"qjs_ng":96136.104108,"sm":355653.28807899996,"sm_exp":358971.142125,"v8":630829.277968,"v8_exp":559328.6897079999}}