{"generatedAt":1764893761842,"beganAt":1764892802108,"timeTaken":{"boa":133638.62782700002,"jsc":36216.59269900003,"jsc_exp":35035.68409,"kiesel":88365.07719099999,"libjs":57754.613918,"nova":55390.563185,"porffor":575425.747477,"qjs":18533.850584999993,"qjs_ng":21783.550914999993,"sm":145617.160712,"sm_exp":143557.936744,"v8":137064.095171,"v8_exp":143210.08723}}