{"generatedAt":1756075677381,"beganAt":1756074752554,"timeTaken":{"boa":125493.17627800001,"kiesel":70674.163052,"libjs":49473.585648,"porffor":495880.77275099995,"qjs":13159.378714999999,"qjs_ng":15670.779348000004,"sm":134129.05253500002,"sm_exp":119064.558915,"v8":114037.033017,"v8_exp":117296.936579}}