{"generatedAt":1761347762617,"beganAt":1761346801691,"timeTaken":{"boa":129492.22245999999,"jsc":37448.15559400001,"jsc_exp":43552.7071,"kiesel":99697.702782,"libjs":63452.450101,"nova":79556.760254,"porffor":610249.041237,"qjs":17771.60280999999,"qjs_ng":20940.272964000003,"sm":139082.265338,"sm_exp":127068.218724,"v8":121131.576809,"v8_exp":123225.042921}}