{"generatedAt":1758323691297,"beganAt":1758322801406,"timeTaken":{"boa":129152.679255,"jsc":31417.084716000012,"jsc_exp":41414.08457499999,"kiesel":85163.556166,"libjs":59821.410594,"nova":13849.267102000002,"porffor":574439.724508,"qjs":18321.844943000004,"qjs_ng":26859.800977,"sm":139982.185604,"sm_exp":112403.92228,"v8":106293.777163,"v8_exp":104801.064535}}